{"vol":[0.0185523297,0.0156702158],"flip_rate":[0.0161113974,0.0591816642],"jerk":[0.0096641541,0.0090099493]}